Display Warehouse Stocks of Material (For Monthly Count) October 2025,,,,,,,,,,,,,,,,,,
No.,material,Material Description,Plant,Batch,B.Un,เบิก,,สต๊อกใหญ่,,,,,Exp.สต๊อกใหญ่,Exp.สต๊อกเล็ก,สต๊อกเล็ก,,,ราคา
,,,,,,วันที่,จำนวน,เดิม,รับเข้า,ออก,คงเหลือ,ระบบ,,,เดิม,รับเข้า,คงเหลือ,(บาท)
1,10100005,กรรไกรตัดกระดาษ ขนาด 7 นิ้ว,1030,MAT_BUY,EA,,,6,0,0,6,6,,คต,1,0,1,
2,10100008,กรอบแผ่นใสขนาด A4,1030,MAT_BUY,EA,,,6,0,0,6,6,,คต,2,0,2,
3,10100053,กระดาษการ์ด 120 แกรม A4 ไม่ระบุสี,1030,MAT_BUY,EA,,,400,0,0,400,400,,,150,0,150,
4,10100229,กระดาษถ่ายเอกสาร 80 แกรม A3,1030,MAT_BUY,RM,,,1,0,0,1,1,,,1,0,1,
5,10100231,กระดาษถ่ายเอกสาร 80 แกรม A4,1030,MAT_BUY,RM,,,10,0,0,10,10,,คต,15,0,15,
6,10100246,กระดาษถ่ายเอกสารสี 80 แกรม A4 ไม่ระบุสี,1030,MAT_BUY,RM,,,4,0,0,4,4,,คต(สีส้ม),3,0,3,
7,10100249,กระดาษถ่ายเอกสารสี 80 แกรม A4 -LGR,1030,MAT_BUY,RM,,,5,0,0,5,5,,คต,1,0,1,
8,10100250,กระดาษถ่ายเอกสารสี 80 แกรม A4 -LPK,1030,MAT_BUY,RM,,,4,0,0,4,4,,คต,1,0,1,
9,10100251,กระดาษถ่ายเอกสารสี 80 แกรม A4 -LYW,1030,MAT_BUY,RM,,,2,0,0,2,2,,คต,1,0,1,
10,10100497,กล่องใส่เอกสารตัดเฉียง,1030,MAT_BUY,BOX,,,6,0,0,6,6,,,12,0,12,
11,10100535,คลิปบอร์ด ขนาด A4 -99 แบบไม่มีปกปิด,1030,MAT_BUY,EA,,,12,0,0,12,12,,,6,0,6,
12,10100556,เครื่องเหลาดินสอขนาดใหญ่,10300,MAT_BUY,EA,,,0,0,0,0,0,,,2,0,2,
13,10100541,เครื่องคำนวณเลขชนิดใช้แบตเตอรี่ 10 หลัก,1030,MAT_BUY,EA,,,0,0,0,0,0,,,0,0,0,
14,10100615,ซองจดหมายสีขาว DL-80 แกรม พิมพ์ตรา,1030,MAT_BUY,EA,,,500,0,0,500,500,,คต (1:500),700,0,700,
15,10100628,ซองพลาสติกอเนกประสงค์ 11 รู 0.04 mm A4,1030,MAT_BUY,PAC,,,7,0,0,7,7,,,1,0,1,
16,10100645,ซองมาตราฐานขยายข้าง C4-BR มีตรา1สี,1030,MAT_BUY,EA,,,0,0,0,0,0,,,0,0,0,
17,10100669,ซองเอกสารขยายข้าง ขนาดใหญ่-BR มีตรา,1030,MAT_BUY,EA,,,0,0,0,0,0,,,0,0,0,
18,10100686,ซองเอกสารไม่ขยายข้าง ขนาดใหญ่ BR มีตรา,1030,MAT_BUY,EA,,,0,0,0,0,0,,,0,0,0,
19,10100710,ด้ายชนิดเชือกขาวกลุ่มใหญ่,1030,MAT_BUY,ROL,,,1,0,0,1,1,,คต,1,0,1,
20,10100717,ดินสอดำชนิด HB,1030,MAT_BUY,EA,,,12,0,0,12,12,,คต,11,0,11,
21,10100755,ตรายางวันที่ภาษาไทย,1030,MAT_BUY,EA,,,2,0,0,2,2,,,0,0,0,
22,10100770,ตะแกรงเอกสารแบบลวดเคลือบ 3 ชั้น,1030,MAT_BUY,EA,,,0,0,0,0,0,,,1,0,1,
23,10100773,ตาไก่ชนิดพลาสติก,1030,MAT_BUY,BOX,,,0,0,0,0,0,,,0,0,0,
24,10100801,ถ่านไฟฉายขนาด AAA ชนิด Alkaline,1030,MAT_BUY,EA,,,48,0,0,48,48,08/2030,คต,48,0,48,
25,10100805,ถ่านไฟฉายขนาด AA ชนิด Alkaline,1030,MAT_BUY,EA,,,144,0,0,144,144,"08/2030, 08/2032",คต,48,0,48,
26,10100810,ถ่านไฟฉายขนาด D,1030,MAT_BUY,EA,,,0,0,0,0,0,,,0,0,0,
27,10100834,ที่แขวนตรายางชั้นเดียว,1030,MAT_BUY,EA,,,0,0,0,0,0,,,0,0,0,
28,10100844,ที่เจาะรูกระดาษ-เจาะได้ 20 แผ่น,1030,MAT_BUY,EA,,,0,0,0,0,0,,,4,0,4,
29,10100860,ที่ถอนลวดเย็บกระดาษชนิดเหล็กแบบคีมหนีบ,1030,MAT_BUY,EA,,,4,0,0,4,4,,คต,3,0,3,
30,10100875,ที่หนีบกระดาษสีดำเบอร์ 108,1030,MAT_BUY,BOX,,,5,0,0,5,5,,คต (1:12),5,0,5,
31,10100876,ที่หนีบกระดาษสีดำเบอร์ 109,1030,MAT_BUY,BOX,,,5,0,0,5,5,,คต (1:12),5,0,5,
32,10100877,ที่หนีบกระดาษสีดำเบอร์ 110,1030,MAT_BUY,BOX,,,12,0,0,12,12,,คต (1:12),5,0,5,
33,10100879,ที่หนีบกระดาษสีดำเบอร์ 112,1030,MAT_BUY,BOX,,,10,0,0,10,10,,คต,11,0,11,
34,10100891,เทปกระดาษกาวย่น ขนาด 18 mm,1030,MAT_BUY,ROL,,,20,0,0,20,20,26/5/2027,ซ,10,0,10,
35,10100896,"เทปกาวย่น ขนาด 3"" x 25Y",1030,MAT_BUY,ROL,,,0,0,0,0,0,,,0,0,0,
36,10100910,"เทปกาวเยื่อ 2 หน้า 1/2"" 20 หลา",1030,MAT_BUY,ROL,,,20,0,0,20,20,,คต,10,0,10,
37,10101113,"เทปผ้าติดสันหนังสือ 2"" x 25Y ไม่ระบุสี",1030,MAT_BUY,ROL,,,6,0,1,5,5,,คต,3,0,3,
38,10101192,"แท่นตัดสก๊อตเทป ใช้สำหรับเทปแกน 3""",1030,MAT_BUY,EA,,,0,0,0,0,0,,,0,0,0,
39,10101200,แท่นประทับตรายางสีแดง,1030,MAT_BUY,EA,,,0,0,0,0,0,,,2,0,2,
40,10101201,แท่นประทับตรายางสีน้ำเงิน,1030,MAT_BUY,EA,,,0,0,0,0,0,,,2,0,2,
41,10101241,น้ำยาลบคำผิดแบบปากกา ขนาด 18 ml,1030,MAT_BUY,EA,,,6,0,0,6,6,,คต,3,0,3,
42,10101257,น้ำหมึกใส่แท่นประทับตรา 28 cc-BL,1030,MAT_BUY,BT,,,2,0,0,2,2,,คต,2,0,2,
43,10101259,น้ำหมึกใส่แท่นประทับตรา 28 cc-RD,1030,MAT_BUY,BT,,,3,0,0,3,3,,คต,1,0,1,
44,10101264,ใบมีดคัทเตอร์ขนาดใหญ่(1PACK=EA),1030,MAT_BUY,EA,,,6,0,1,5,5,,คต,4,1,5,
45,10101318,ปากกาเขียนแผ่นใส ลบได้ หัวF (1:4สี),1030,MAT_BUY,PAC,,,0,0,0,0,0,,,0,0,0,
46,10101334,ปากกาเขียนไวท์บอร์ด ปากกลม ไม่ระบุสี,1030,MAT_BUY,EA,,,10,0,0,10,10,,คต,0,2,2,
47,10101346,ปากกาเคมี 2 หัว-ปากกลม-ตัด ไม่ระบุสี,1030,MAT_BUY,EA,,,2,0,2,0,0,,คต,2,0,2,
48,10101359,ปากกาเน้นข้อความ (Highlight) ไม่ระบุสี,1030,MAT_BUY,EA,,,6,0,0,6,6,,คต,5,0,5,
49,10101382,ปากกาลูกลื่น 0.5 mm แบบกด-RD,1030,MAT_BUY,EA,,,0,0,0,0,0,,,0,0,0,
50,10101518,แผ่นพลาสติกใสเคลือบบัตร ขนาด 22x30cm(A4),1030,MAT_BUY,EA,,,0,0,0,0,0,,,0,0,0,
51,10101551,แผ่นยางรองตัดขนาด 20x30 cm,1030,MAT_BUY,EA,,,2,0,0,2,2,,คต,0,0,0,
52,10101556,แผ่นใสชนิดเขียน ขนาด A4 (1:100แผ่น),1030,MAT_BUY,BOX,,,3,0,0,3,3,,คต,1,0,1,
53,10101566,พลาสติกเคลือบบัตร ขนาด A4,1030,MAT_BUY,EA,,,100,0,0,100,100,,คต,0,0,0,
54,10101656,แฟ้มพลาสติก 2 ห่วง สันกว้าง 3.5 cm (A4),1030,MAT_BUY,EA,,,24,0,0,24,24,,คต,0,0,0,
55,10101673,"แฟ้มกระดาษ 2 ห่วง สันกว้าง 3""",1030,MAT_BUY,EA,,,8,0,0,8,8,,คต,0,0,0,
56,10101704,แฟ้มเสนอลงนาม ขนาด 27x38 cm (F4),1030,MAT_BUY,EA,,,0,0,0,0,0,,,0,0,0,
57,10101717,มีดคัทเตอร์ชนิดด้ามพลาสติกขนาดใหญ่,1030,MAT_BUY,EA,,,5,0,0,5,5,,คต,0,0,0,
58,10101730,"ไม้บรรทัดพลาสติก ขนาด 12 """,1030,MAT_BUY,EA,,,6,0,0,6,6,,คต,0,0,0,
59,10101733,ยางลบดินสอชนิดก้อนเล็ก,1030,MAT_BUY,EA,,,20,0,0,20,20,,คต,5,0,5,
60,10101738,ลวดเย็บกระดาษ เบอร์ 10,1030,MAT_BUY,BOX,,,20,0,0,20,20,,คต,20,0,20,
61,10101752,ลวดเย็บกระดาษ เบอร์ 35,1030,MAT_BUY,EA,,,20,0,0,20,20,,คต,20,0,20,
62,10101762,ลวดเสียบกระดาษ เบอร์ 1 กลม,1030,MAT_BUY,EA,,,10,0,0,10,10,,คต,9,0,9,
63,10101776,"สก๊อตเทปใส แกน 3"" ขนาด 1/2"" x 72Y",1030,MAT_BUY,ROL,,,10,0,0,10,10,,คต,10,0,10,
64,10101840,สติ๊กเกอร์ตาไก่,1030,MAT_BUY,BOX,,,8,0,0,8,8,,คต,8,0,8,
65,10101855,สันปกเข้าเล่มพลาสติก A4 สันรูด 15 mm,1030,MAT_BUY,EA,,,0,0,0,0,0,,,0,0,0,
66,10101856,สันปกเข้าเล่มพลาสติก A4 สันรูด 10 mm,1030,MAT_BUY,EA,,,0,0,0,0,0,,,0,0,0,
67,10101978,อินเด็กซ์พลาสติก A4 ชนิด 10 หยัก,1030,MAT_BUY,EA,,,0,0,0,0,0,,,0,0,0,
68,10102000,ปากกาเมจิก หัวเดียว ArtLine เล็ก,1030,MAT_BUY,EA,,,5,0,0,5,5,,คต,6,0,6,
69,10102001,ปากกาเมจิก หัวเดียว Art Line ใหญ่,1030,MAT_BUY,EA,,,0,0,0,0,0,,,0,0,0,
70,10102018,สติ๊กเกอร์ขนาด 25x50mm (A10),1030,MAT_BUY,EA,สค 68,360,360,360,0,720,720,,คต (1:15),300,0,300,
71,10102084,แผ่นยางรองตัดกระดาษขนาด 45x60cm.,1030,MAT_BUY,EA,,,0,0,0,0,0,,,0,0,0,
72,10102085,แผ่นยางรองตัดกระดาษขนาด 60 x90 cm,1030,MAT_BUY,EA,,,0,0,0,0,0,,,0,0,0,
73,10102288,สติ๊กเกอร์ใส ขนาด 50x70cm.,1030,MAT_BUY,EA,,,20,0,0,20,20,,คต,10,0,10,
74,10102381,ชั้นใส่เอกสาร 5 ลิ้นชัก,1030,MAT_BUY,EA,,,0,0,0,0,0,,,0,0,0,
75,10102385,ถ่านนาฬิกา ชนิด Lithium รุ่น CR 2032,1030,MAT_BUY,EA,,,5,0,0,5,5,10/2029,คต,14,0,14,
76,10102518,ตรายางแบบต่างๆ,1030,MAT_BUY,EA,,,0,0,0,0,0,,,0,0,0,
77,10102551,ใบรายงานผลวัดความดัน ขนาด 57mm x 30m,1030,MAT_BUY,ROL,,,10,0,0,10,10,,ซ,10,0,10,
78,10102621,กระดาษถ่ายเอกสาร 80 แกรม A5(ใบนัดผู้ป่วย),1030,MAT_BUY,RM,,,20,0,0,20,20,,คต,15,0,15,
79,10102668,"Doctor Order Sheet เคมี 2 ชั้น,A4",1030,MAT_BUY,EA,,,50,0,0,50,50,,คต,25,0,25,
80,10201543,ไฟฉาย ขนาดถ่าน 2 ก้อน,1030,MAT_BUY,EA,,,0,0,0,0,0,รอเบิก,,0,0,0,
81,10300002,กระจกส่องหน้า แบบมีด้ามถือ,1030,MAT_BUY,EA,,,10,0,5,5,5,,ปช,2,5,7,
82,10300006,กระดาษชำระ ม้วนเล็ก,1030,MAT_BUY,,,,0,0,0,0,0,,11,0,0,0,
83,10300054,ก้อนดับกลิ่นขนาด 80g,1030,MAT_BUY,EA,,,24,0,0,24,24,,ซ,12,0,12,
84,10300072,แก้วน้ำทรงสูง 14 cm,1030,MAT_BUY,EA,,,0,0,0,0,0,,,0,0,0,
85,10300077,แก้วน้ำพลาสติกใช้แล้วทิ้ง (1BOX=2000EA),1030,MAT_BUY,EA,,,2000,0,0,2000,2000,,ซ (1:80),480,0,480,
86,10300077,แก้วน้ำพลาสติกใช้แล้วทิ้ง (1BOX=2000EA),2030,MAT_BUY,EA,,,0,0,0,0,0,,,0,0,0,
87,10300146,ถังขยะ แบบเท้าเหยียบ,1030,MAT_BUY,EA,,,0,0,0,0,0,,,0,0,0,
88,10300152,ถังขยะพลาสติก แบบเท้าเหยียบ 5.5 L.,1030,MAT_BUY,EA,,,0,0,0,0,0,,,0,0,0,
89,10300154,ถังขยะพลาสติก แบบเท้าเหยียบ 35 L.,1030,MAT_BUY,EA,,,0,0,0,0,0,,,0,0,0,
90,10300155,ถังขยะพลาสติก แบบเท้าเหยียบ 10L,1030,MAT_BUY,EA,,,0,0,0,0,0,,,0,0,0,
91,10300185,"ถาด 9x14""",2030,MAT_BUY,EA,,,3,0,0,3,3,,,0,0,0,
92,10300195,ถุงขยะดำขนาด 20x20 นิ้ว,1030,MAT_BUY,KG,ตค 68,25,5,25,25,5,5,,ปช(10)/สต(50),15,25,40,
93,10300199,ถุงขยะดำขนาด 24x28 นิ้ว,1030,MAT_BUY,KG,ตค 68,25,5,25,25,5,5,,ปช(20)/สต(25),20,25,45,
94,10300205,ถุงขยะดำขนาด 30x40 นิ้ว,1030,MAT_BUY,KG,ตค 68,25,5,25,25,5,5,,ปช(25),20,25,45,
95,10300293,ถุงใส่ผ้าอนามัยสีขาวขุ่น (1:100),1030,MAT_BUY,PAC,,,5,0,0,5,5,,,15,0,15,
96,10300385,น้ำยาล้างจานขนาด 550 ml,1030,MAT_BUY,BAG,ตค 68,6,3,6,3,6,6,,ซ,3,3,6,
97,10300457,ผงซักฟอก(สำหรับซักมือ) 900g,1030,MAT_BUY,BAG,,,5,0,0,5,5,,,3,0,3,
98,10300479,"ผ้าขนหนู ขนาด 27""x54""",1030,MAT_BUY,EA,,,0,0,0,0,0,,,0,0,0,
99,10300497,"ผ้าเช็ดมือ : ผ้าขนหนู ขนาด 15x30""",1030,MAT_BUY,EA,,,0,0,0,0,0,,,0,0,0,
100,10300549,แผ่นทำความสะอาดชนิดฟองน้ำติดสก๊อตไบร์ท,1030,MAT_BUY,EA,ตค 68,20,10,20,10,20,20,,,0,0,0,
101,10300550,แผ่นฟิล์มถนอมอาหาร 30cm x 30m,1030,MAT_BUY,BOX,,,9,0,0,9,9,,ซ,7,0,7,
102,10300557,"แผ่นใยขัดทำความสะอาด 4x6"" : ภาชนะ",1030,MAT_BUY,EA,,,10,0,0,10,10,,,0,0,0,
103,10300642,ยาฉีดกันยุงชนิดสเปรย์,1030,MAT_BUY,CAN,,,4,0,0,4,4,,ซ,2,0,2,
104,10300669,สเปรย์ปรับอากาศ ขนาด 350 ml,1030,MAT_BUY,CAN,สค 68,6,2,6,2,6,0,,ซ,0,0,0,
105,10300684,"อลูมิเนียมฟอยด์ ขนาด 12"" x 25 ฟุต",1030,MAT_BUY,BOX,,,6,0,0,6,6,,ซ,4,0,4,
106,10300696,เชือกฟางขนาด 0.5 กก. / ม้วน,1030,MAT_BUY,ROL,,,5,0,0,5,5,,11,3,0,3,
107,10300785,ถุงมือสำหรับล้างเครื่องมือ ,1030,MAT_BUY,PAA,,,5,0,0,5,5,,ปช(5)/ซ(4),9,0,9,
108,10300874,Dry Heat Indicator Labell : 1000,1030,MAT_BUY,ROL,,,0,0,0,0,0,,31/10/2025 ไม่ได้ใช้แล้ว,4,0,4,
109,10300884,Steam Chemical Integrator(StrerileGage),1030,MAT_BUY,PAC,,,0,0,0,0,0,,,0,0,0,
110,10300885,EO Indicator Tape (Indox Tape),1030,MAT_BUY,ROL,,,0,0,0,0,0,,,0,0,0,
111,10300890,"ถุงพลาสติกชนิดหูหิ้ว ขนาด 6"" x 14"" (1PACK=1/2KG)",1030,MAT_BUY,KG,,,10,0,0,10,10,,ซ,2,0,2,
112,10300911,"ถังขยะStainlessมีเท้าเหยียบเส้นผศ.12""",1030,MAT_BUY,EA,,,0,0,0,0,0,,,0,0,0,
113,10300920,ดินน้ำมัน,1030,MAT_BUY,PAC,,,1,0,0,1,1,,ซ,2,0,2,
114,10300952,"กระดาษเช็ดมือชนิดม้วน 20cm.x176m.,1ชั้น",1030,MAT_BUY,ROL,,,0,0,0,0,0,,,0,0,0,
115,10300954,กระดาษเช็ดปาก (ป๊อป-อัพ) 1 ชั้น (1BOX=60PACK),1030,MAT_BUY,PAC,,,60,0,0,60,60,,,240,0,240,
116,10300956,"ผ้าห่มชนิดผ้าขนหนูขนาด 60""x80""",1030,MAT_BUY,EA,,,0,0,0,0,0,,,0,0,0,
117,10300976,"แปรงล้างเครื่องมือ,2.5x6x100x250mmมีท่อ",1030,MAT_BUY,EA,,,0,0,0,0,0,ไม่มีประมาณการไว้,,0,0,0,
118,10300978,"แปรงล้างเครื่องมือ,7x100x300mmมีท่อ",1030,MAT_BUY,EA,,,0,0,0,0,0,,,0,0,0,
119,10300980,"แปรงล้างเครื่องมือ,3.5x7x100x300mmมีท่อ",1030,MAT_BUY,EA,,,0,0,0,0,0,,,0,0,0,
120,10300981,"แปรงล้างเครื่องมือ,1.5x5x100x300mmมีท่อ",1030,MAT_BUY,EA,,,0,0,0,0,0,,,0,0,0,
121,10300982,HBแปรงล้างเครื่องมือด่ามดำขนไนล่อน,1030,MAT_BUY,EA,,,0,0,0,0,0,,,0,0,0,
122,10300983,HBแปรงล้างเครื่องมือด้ามดำขนสแตนเลส,1030,MAT_BUY,EA,,,0,0,0,0,0,,,0,0,0,
123,10300984,แปรงล้างเครื่องมือ 12.5x100x250mm. ไม่มีท่อ,1030,MAT_BUY,EA,,,0,0,0,0,0,,,0,0,0,
124,10300985,แปรงล้างเครื่องมือ1.8x100x300mmไม่มีท่อ,1030,MAT_BUY,EA,,,0,0,0,0,0,,,0,0,0,
125,10300986,แปรงล้างเครื่องมือ2.5x4.5x100x300mmมีท่อ,1030,MAT_BUY,EA,,,0,0,0,0,0,,,0,0,0,
126,10300987,แปรงล้างเครื่องมือ1.7x50x100mmมีท่อ,1030,MAT_BUY,EA,,,0,0,0,0,0,,,0,0,0,
127,10300988,แปรงล้างเครื่องมือ3.5x4.2x100x300mmมีท่อ,1030,MAT_BUY,EA,,,0,0,0,0,0,,,0,0,0,
128,10300989,แก้วน้ำสแตนเลส กว้าง 6.5xสูง 7.0 cm,1030,MAT_BUY,EA,,,5,0,0,5,5,,,0,0,0,
129,10300994,กระดาษเช็ดมือชนิดแผ่น 1 ชั้น (1BOX=16PACK),1030,MAT_BUY,PAC,,,16,0,0,16,16,,สต(37)/ซ(20),128,0,128,
130,10301004,ชุดผู้ป่วย Size:S พิมพ์ชื่อ รพ.,1030,MAT_BUY,SET,,,0,0,0,0,0,,,0,0,0,
131,10301005,ชุดผู้ป่วย Size:M พิมพ์ชื่อ รพ.,1030,MAT_BUY,SET,,,0,0,0,0,0,,,0,0,0,
132,10301006,ชุดผู้ป่วย Size:L พิมพ์ชื่อ รพ.,1030,MAT_BUY,SET,,,0,0,0,0,0,,,0,0,0,
133,10301007,ชุดผู้ป่วย Size:XL พิมพ์ชื่อ รพ.,1030,MAT_BUY,SET,,,0,0,0,0,0,,,0,0,0,
134,10301008,"ผ้าปูที่นอน72x110""/146 พิมพ์ชื่อ รพ.",1030,MAT_BUY,EA,,,0,0,0,0,0,,,0,0,0,
135,10301009,"ผ้าขวางเตียง 42""x72""/210 พิมพ์ชื่อ รพ.",1030,MAT_BUY,EA,,,0,0,0,0,0,,,0,0,0,
136,10301010,"ปลอกหมอน 18x28x6""/210 พิมพ์ชื่อ รพ.",1030,MAT_BUY,EA,,,0,0,0,0,0,,,0,0,0,
137,10301011,"ผ้าเช็ดเท้า16x25""(7P)ด้ายคู่ พิมพ์ รพ.",1030,MAT_BUY,EA,,,0,0,0,0,0,,,0,0,0,
138,10301013,หมอนใยสังเคราะห์ นน.700 กรัม,1030,MAT_BUY,EA,,,0,0,0,0,0,,,0,0,0,
139,10301014,หมอนใยสังเคราะห์ นน.1400 กรัม,1030,MAT_BUY,EA,,,0,0,0,0,0,เก็บชั้น 11 (24),,0,0,0,
140,10301016,ชุดผู้ป่วย Size:XXL พิมพ์ชื่อ รพ.,1030,MAT_BUY,SET,,,0,0,0,0,0,,,0,0,0,
141,10301034,ถังทิ้งเข็มฉีดยาทรงกลม 13x21 cm สีแดง,1030,MAT_BUY,EA,,,20,0,20,0,0,,11(30)/สต(30),8,20,28,
142,10301035,ผ้าเช็ดชนิดแห้ง Kleenex soft wipe (1:60),1030,MAT_BUY,PAC,,,24,0,0,24,24,,11,200,0,200,
143,10301057,กระดาษชำระอนามัย 2 ชั้น 150 แผ่น,1030,MAT_BUY,PAC,,,0,0,0,0,0,,,0,0,0,
144,10301058,ถุงขยะแดง(ขยะติดเชื้อ) ขนาด 20x20 นิ้ว,1030,MAT_BUY,KG,ตค 68,25,5,25,25,5,5,,ปช(5),10,25,35,
145,10301059,ถุงขยะแดง(ขยะติดเชื้อ) ขนาด 24x28 นิ้ว,1030,MAT_BUY,KG,ตค 68,25,5,25,25,5,5,,ปช(20)/สต(25),10,25,35,
146,10301060,ถุงขยะแดง(ขยะติดเชื้อ) ขนาด 30x40 นิ้ว,1030,MAT_BUY,KG,ตค 68,25,5,25,25,5,5,,ปช(20)/สต(25),10,25,35,
147,10301069,ถังขยะพลาสติกแบบเท้าเหยียบ 27 ลิตร,1030,MAT_BUY,EA,,,0,0,0,0,0,,,0,0,0,
148,10301070,ถังขยะพลาสติกแบบเท้าเหยียบ 32 ลิตร,1030,MAT_BUY,EA,,,0,0,0,0,0,,,0,0,0,
149,10601825,"หมึกพิมพ์ Samsung M3820ND,MLT-D203E",1030,MAT_BUY,BOX,,,0,0,0,0,0,,,0,0,0,
150,10601945,หมึกพิมพ์สี  Fujifilm CT203486 Black,1030,MAT_BUY,BOX,,,2,0,0,2,2,,ปช,2,0,2,
151,10601946,หมึกพิมพ์สี  Fujifilm CT203487 Cyan,1030,MAT_BUY,BOX,,,2,0,0,2,2,,ปช,2,0,2,
152,10601947,หมึกพิมพ์สี  Fujifilm CT203488 Magenta,1030,MAT_BUY,BOX,,,2,0,0,2,2,,ปช,2,0,2,
153,10601948,หมึกพิมพ์สี  Fujifilm CT203489 Yellow,1030,MAT_BUY,BOX,,,2,0,0,2,2,,ปช,2,0,2,
154,10601953,หมึกพิมพ์ Fuji xeror CT203109-black,1030,MAT_BUY,BOX,,,1,0,0,1,1,,ปช,1,0,1,
155,10700280,ปลั๊กไฟฟ้า 3 ขา 6 จุด สายยาว 5 เมตร(10701244)แทน,1030,MAT_BUY,EA,,,0,0,0,0,0,,,0,0,0,
156,10800026,บัตรพัสดุ (1:200แผ่น)EA=PAC,1030,MAT_BUY,EA,,,0,0,0,0,0,,,0,0,0,
157,10800119,สมุดทะเบียนหนังสือรับขนาดกลาง,1030,MAT_BUY,EA,,,0,0,0,0,0,,,0,0,0,
158,10800122,สมุดทะเบียนหนังสือส่งขนาดกลาง,1030,MAT_BUY,EA,,,0,0,0,0,0,,,0,0,0,
159,10800138,สมุดปกแข็ง ขนาดใหญ่ ก 36 ส 25 ซม.,1030,MAT_BUY,EA,,,0,0,0,0,0,,,0,0,0,
160,10800151,สมุดปกแข็งขนาดกลาง เบอร์ 2,1030,MAT_BUY,EA,,,12,0,0,12,12,,คต,2,0,2,
161,10800164,สมุดปกอ่อน ขนาด 160x235มม (1:40แผ่น),1030,MAT_BUY,EA,,,12,0,0,12,12,,คต,12,0,12,
162,10800304,แบบฟอร์มใบส่งถ่ายภาพรังสี สีขาว(1:200),1030,MAT_BUY,PAC,,,2,0,0,2,2,,คต,3,0,3,
163,10800305,แบบฟอร์มใบส่งถ่ายภาพรังสี สีฟ้า(1:200),1030,MAT_BUY,PAC,,,2,0,0,2,2,,คต,3,0,3,
164,10900054,รองเท้าลำลอง (Slipper),1030,MAT_BUY,PAA,,,0,0,0,0,0,,,0,0,0,
165,10900055,รองเท้าหัวโต,1030,MAT_BUY,PAA,,,24,0,0,24,24,,,0,0,0,
166,20000017,5%Dex+0.45%Sod1000ml (D51/2NSS),1030,,BAG,,,0,0,0,0,0,,,0,0,0,
167,20000066,Amiodarone HCl 50 mg/ml. inj.*3ml,1030,,PAA,,,0,0,0,0,0,10/2026,,0,0,0,
168,20000093,Articaine4% (Ubistesin forte),1030,,VIA,,,0,0,0,0,0,,14/11/26,18,0,18,
169,20000187,"Chlorhexidine mouthwash 0.12%,180ml.",1030,24023061,BT,,,0,0,0,0,0,,16/9/28,5,0,5,
170,20000300,Ethyl chloride88g/100ml,1030,,BT,,,0,0,0,0,0,,,0,0,0,
171,20000447,Lidocaine+Prilocaine (Emlar),1030,100285,TUB,,,4,0,2,2,2,3/27,1/9/26 ซ,3,2,5,
172,20000473,Mepivacaine HCL 3% (Scandonest),1030,B33516BAH,VIA,,,0,0,0,0,0,,18/5/2027,10,0,10,
173,20000474,"Mepivacaine2%+1:100,000E (Scadonest)",1030,B32997AA,VIA,,,0,0,0,0,0,,"9/2/26, 31/1/27(10)",10,0,10,
174,20000514,"NSS 0.9% 1000ml, irrigation, plastic bott",1030,5E75X,BT,,,20,0,20,0,0,06/05/2030,สต26/02/2030,10,20,30,
175,20000587,Povidine iodine 10% 450ml,1030,149734,BT,ตค 68,3,1,3,1,3,3,11/07/2028,08/06/2027,1,0,1,
176,20000588,Povidine iodine 10% 30ml,1030,,BAG,,,0,0,0,0,0,,1/12/26 ซ,0,0,0,
177,20000657,"Sodium chloride 100ml (NSS, Plastic)",1030,4E731,BAG,,,300,0,300,0,0,4/5/29,4/5/29(300),300,0,300,
178,20000657,"Sodium chloride 100ml (NSS, Plastic)",1030,5G701,BAG,ตค 68,500,0,500,0,500,500,1/7/28, ,0,0,0,
179,20000658,"Sodium Chloride 1000 ml (NSS, Plastic)",1030,,BAG,,,0,0,0,0,0,,,0,0,0,
180,20000671,Sterile water for injection 10ml,1030,A25050,AMP,,,300,0,0,300,300,21/4/28,3/7/27,300,200,500,
181,20000671,Sterile water for injection 10ml,1030,,AMP,,,0,0,0,0,0,,,0,0,0,
182,20000856,Lubricanting jelly 50g,1030,6719021,TUB,,,2,0,1,1,1,1/7/2026,1/7/2026,1,0,1,
183,20001508,Ethyl Alcohol 70% 60ml,1030,,BT,,,0,0,0,0,0,,,0,0,0,
184,20001606,"Chlorhexidine mouthwash 0.12%, 300mlไม่ใช้แล้ว",1030,,BT,,,0,0,0,0,0,,,0,0,0,
185,20001613,"NSS injection 5ml, Plastic",1030,A25078,AMP,ตค 68,400,0,172,0,172,172,8/6/28,,0,0,0,
186,20001613,"NSS injection 5ml, Plastic",1030,A25046,AMP,,,400,228,400,228,228,15/4/28,15/4/28,300,0,300,
187,20001644,Ethyl alcohol 70% 450 ml,1030,C670161,BT,,,1,0,1,0,0,,22/08/2027,1,1,2,
188,20001644,Ethyl alcohol 70% 450 ml,1030,C680023,BT,ตค 68,3,0,3,1,2,2,28/04/2028,,0,1,1,
189,20001654,hydrogen peroxide mouthwash 1% 5L,1030,252/25,GAL,,,2,0,0,2,2,12/7/28,"22/3/26 , 12/5/26(2)",2,0,2,
190,30000004,"Absorb Haemostat, Surgical 5x7.5 cm",2030,,EA,,,0,0,0,0,0,,,0,0,0,
191,30000024,Blade Holder No.3,2030,MAT_BUY,EA,,,1,0,0,1,1,,,0,0,0,
192,30000079,Cold-Hot Pack,1030,MAT_BUY,EA,,,212,0,200,12,12,28/8/26,คต 23/8/26(30),30,200,230,155
193,30000082,"Conforming Bandage, Soft Kling 3"" (1ถุง=12ROL)",1030,MAT_BUY,ROL,,,24,0,0,24,24,"12/29(12),3/30(12) ", 10/28 ปช,24,0,24,14.02
194,30000097,"Needle Long, Disposable 27G",1030,MAT_BUY,BOX,,,1,0,0,1,1,31/01/2029,31/01/2029,1,0,1,
195,30000100,"Glove, Disposable Non-Powder",1030,MAT_BUY,BOX,ตค 68,60,10,60,60,10,10,"7/28(XS),6/28(S),5/28(M),5/28(L)","12/27(XS),10/28(S),11/28(M), 6/27,12/27(L)",40,60,100,
196,30000100,"Glove, Disposable Non-Powder",2030,MAT_BUY,BOX,,,0,0,0,0,0,,ปช (S11),0,0,0,
197,30000101,"Glove, Disposable Powder",1030,MAT_BUY,BOX,,,10,0,0,10,10,"5/28(XS), 6/28(S)","5/27 (S20)4/27 (S35) 1/4/2026,1/9/2026",20,60,80,
198,30000101,"Glove, Disposable Powder",2030,MAT_BUY,BOX,,,0,0,0,0,0,,4/27 (M20) /ปช (M21),0,0,0,
199,30000116,"Syringe, Disposable 3ml",1030,MAT_BUY,EA,,,1000,0,0,1000,1000,31/7/29,"คต 28/2/29(27), 31/05/29(9), 31/7/29(10)",2500,0,2500,14.02
200,30000117,"Syringe, Disposable 1ml (insulin)",1030,MAT_BUY,BOX,,,1,0,0,1,1,30/06/2027,,1,0,1,
201,30000118,"Syringe, Disposable 10ml (1:100 อัน)",1030,MAT_BUY,BOX,,,72,0,62,10,12,31/7/30(10) ,"31/5/29(3) 9/3/2030(12),31/7/30(60) ",50,62,112,228.97:BOX
202,30000119,"Syringe, Disposable 20ml (1:50 อัน)",1030,MAT_BUY,BOX,,,10,0,0,10,10,28/02/2029,"11 31/8/27(10)ลัง, คต 31/1/27(10)",30,0,30,
203,30000120,"Syringe, Disposable 5ml (1:100 อัน)",1030,MAT_BUY,BOX,,,10,0,0,10,10,30/9/2029,"31/5/29(50),30/9/2029(20)",40,0,40,
204,30000120,"Syringe, Disposable 5ml (1:100 อัน)",2030,MAT_BUY,BOX,,,0,0,0,0,0,,,0,0,0,
205,30000151,"Elastic Bandage 3""",1030,MAT_BUY,ROL,,,0,0,0,0,0,,,0,0,0,
206,30000152,"Elastic Bandage 4""",1030,MAT_BUY,ROL,,,0,0,0,0,0,,,0,0,0,
207,30000156,ELECTRODE-CARDIO(REDDOT). DISPOSABLE,1030,MAT_BUY,BOX,,,0,0,0,0,0,,19/5/26,1,0,1,
208,30000199,"Extension Tube, One way 18"" 45cm",2030,MAT_BUY,EA,,,100,0,0,100,100,02/2029, 9/27(100),60,0,60,7.94
209,30000218,Fixomull ขนาด 10 cm,1030,MAT_BUY,BOX,,,4,0,0,4,4,30/11/2028,"1/3/28(5), 30/11/28(6)",6,0,6,485.98:BOX
210,30000247,"Forceps, tissue, Adison",2030,MAT_BUY,EA,,,2,0,0,2,2,,,0,0,0,
211,30000275,"Gauze Drain ,Sterile 1/2 ""x2 yd.",1030,MAT_BUY,PAC,,,0,0,0,0,0,,,0,0,0,
212,30000280,"Gauze Pad, Sterile 2""x2"" (1pacใหญ่:100ea)",1030,MAT_BUY,PAC,,,20,0,0,20,20,07/2027,"11(20),คต(5),ซ 1/5/26(4), ปช(5)",28,0,28,4.25
213,30000281,"Gauze Pad, Sterile 3""x3"" (1pacเล็ก)",1030,MAT_BUY,PAC,,,50,0,0,50,50,13/5/28,"ปช,ซ13/12/27 ",30,0,30,9
214,30000281,"Gauze Pad, Sterile 3""x3"" (10EA)",2030,MAT_BUY,PAC,,,0,0,0,0,0,,,0,0,0,18.5
215,30000293,"Glove, Disposable Sterile L- Powder",1030,MAT_BUY,PAA,,,0,0,0,0,0,,,0,0,0,
216,30000294,"Glove, Disposable Sterile M, Powder",1030,MAT_BUY,PAA,,,200,0,0,200,200,05/2027,5/27(6) 1:50,200,0,200,7
217,30000295,"Glove, Disposable Sterile S, Powder",1030,MAT_BUY,PAA,,,200,0,0,200,200,06/2027,"3/27(9) 1:50,1/6/2027",150,0,150,7
218,30000300,Gown Disposable,1030,MAT_BUY,EA,,,0,0,0,0,0,,,0,0,0,
219,30000317,"Needle, I.V.catheter No.18",1030,MAT_BUY,BOX,,,2,0,0,2,2,31/1/2030,31/1/27,1,0,1,
220,30000318,"Needle, I.V.catheter No.20",1030,MAT_BUY,BOX,,,2,0,0,2,2,30/11/2029,,1,0,1,
221,30000318,"Needle, I.V.catheter No.20",2030,MAT_BUY,BOX,,,0,0,0,0,0,,"30/9/27,30/06/2028",0,0,0,
222,30000319,"Needle, I.V.catheter No.22",1030,MAT_BUY,BOX,,,4,0,0,4,4,"30/11/28,30/4/29 ","31/8/28,30/11/2028",2,0,2,
223,30000319,"Needle, I.V.catheter No.22",2030,MAT_BUY,EA,,,0,0,0,0,0,,,0,0,0,
224,30000351,Mask N95,1030,MAT_BUY,EA,,,0,0,0,0,0,,,100,0,100,
225,30000354,Micropore (1x12),1030,MAT_BUY,ROL,,,24,0,0,24,24,16/3/30,"3/29, 12/29",12,12,24,
226,30000354,Micropore (1x12),2030,MAT_BUY,ROL,,,0,0,0,0,0,,,0,0,0,
227,30000363,"Nasal, Air way 6.0",1030,MAT_BUY,EA,,,0,0,0,0,0,,,0,0,0,
228,30000364,"Nasal, Air way 6.5",1030,MAT_BUY,EA,,,0,0,0,0,0,,,0,0,0,
229,30000365,"Nasal, Air way 7.0",1030,MAT_BUY,EA,,,0,0,0,0,0,,,0,0,0,
230,30000370,"Needle, Disposable 18Gx1 1/2""",1030,MAT_BUY,BOX,,,5,0,0,5,5,31/3/30, 30/6/29(8) 31/3/30(20),5,20,25,
231,30000372,"Needle, Disposable 20Gx1""",1030,MAT_BUY,BOX,,,0,0,0,0,0,,,0,0,0,
232,30000373,"Needle, Disposable 20Gx1.5""",1030,MAT_BUY,BOX,,,10,0,6,4,4,30/9/29,"31/5/28,30/4/2029",5,6,11,
233,30000374,"Needle, Disposable 21Gx1.5""",1030,MAT_BUY,BOX,,,9,0,2,7,7,"28/02/2030(2),31/3/30(7)","30/4/28, 31/05/2029,31/10/2029",2,2,4,
234,30000377,"Needle, Disposable 22Gx1.5""",1030,MAT_BUY,BOX,,,10,0,0,10,10,"30/11/29(2),31/1/30(3),28/2/28(5)",30/4/2029,2,0,2,
235,30000377,"Needle, Disposable 22Gx1.5""",2030,MAT_BUY,BOX,,,0,0,0,0,0,,,0,0,0,
236,30000378,"Needle, Disoisable 23Gx1""",1030,MAT_BUY,BOX,,,4,0,0,4,4,"31/6/29(1),28/2/30(5) ","31/05/2028,31/6/29",3,0,3,
237,30000379,"Needle, Disposable 23Gx1.5""",1030,MAT_BUY,BOX,,,5,0,0,5,5,28/2/30(5),,0,0,0,
238,30000380,"Needle, Disposable 24Gx1""",1030,MAT_BUY,BOX,,,0,0,0,0,0,31/3/2529,31/3/2529,3,0,3,
239,30000382,"Needle, Disoisable 25Gx1",1030,MAT_BUY,BOX,,,6,0,2,4,4,31/12/27(6),31/12/2027,3,2,5,
240,30000382,"Needle, Disoisable 25Gx1",2030,MAT_BUY,BOX,,,0,0,0,0,0,,31/5/27,0,0,0,
241,30000384,"Needle, Disposable 27G(1/2)""",1030,MAT_BUY,BOX,,,2,0,0,2,2,31/12/29,1/3/26,1,1,2,
242,30000431,Oxygen Canula,1030,MAT_BUY,EA,,,70,0,50,20,20,3/30(40),3/30(20),0,50,50,42.06
243,30000432,Oxygen Canula (เด็ก),1030,MAT_BUY,EA,,,25,0,0,25,25,03/2029,04/2029,5,0,5,51.4
244,30000450,"Plaster 1"" (ชนิดพลาสติก)",1030,MAT_BUY,EA,,,200,0,0,200,200,03/12/2029," 05/10/2027,08/11/2027",300,0,300,
245,30000450,"Plaster 1"" (ชนิดพลาสติก)",2030,MAT_BUY,EA,,,0,0,0,0,0,,,0,0,0,
246,30000612,"Rounger Forcep, End cutting",2030,MAT_BUY,EA,,,1,0,0,1,1,,,1,0,1,
247,30000649,"Self Adherent Wrap, Coban 1583(3M)",1030,MAT_BUY,ROL,มิ.ย.67,12,0,0,0,0,0,"*ตาม(1)18/2/2568,(2)3/4/2568",,1,0,1,
248,30000652,Set Blood,1030,MAT_BUY,EA,,,30,0,0,30,30,05/2026,ซ 1/5/26,10,0,10,
249,30000683,SPONGOSTAN gel foam 1x1x1 cm,1030,MAT_BUY,BOX,,,1,0,0,1,1,06/11/28 ,13/12/26,1,0,1,
250,30000700,"steri-strip,3M R.1541 (1:50)",1030,MAT_BUY,BOX,,,1,0,0,1,1,16/03/2030,16/03/2030,1,0,1,
251,30000701,Stomach Tube (NG tube) No14,1030,MAT_BUY,EA,,,0,0,0,0,0,,,0,0,0,
252,30000702,Stomach Tube (NG tube) No16,1030,MAT_BUY,EA,,,0,0,0,0,0,,,0,0,0,
253,30000707,SUCTION DISPOSABLE NO.12,1030,MAT_BUY,EA,,,0,0,0,0,0,,,0,0,0,
254,30000709,SUCTION DISPOSABLE NO.14,1030,MAT_BUY,EA,,,0,0,0,0,0,,,0,0,0,
255,30000711,SUCTION DISPOSABLE NO.16,1030,MAT_BUY,EA,,,0,0,0,0,0,,,0,0,0,
256,30000721,"Surgical Blade, Stainless No.11",1030,MAT_BUY,EA,,,1,0,0,1,1,31/1/28,,1,0,1,
257,30000722,"Surgical Blade, Stainless No.15",2030,MAT_BUY,EA,,,0,0,0,0,0,,ไม่ค่อยได้ใช้,0,0,0,
258,30000737,"Mask, Surgical คล้องหู 3 ชั้น (1ลัง:20BOX)",1030,MAT_BUY,BOX,,,20,0,20,0,0,,"23/4/30,5/6/30",8,20,28,
259,30000741,"Silk,Surgical No.3/0 (1:24)",1030,MAT_BUY,BOX,,,0,0,0,0,0,,,0,0,0,
260,30000742,Syringe feed อาหาร ขนาด 50 cc.,1030,MAT_BUY,EA,,,0,0,0,0,0,,,0,0,0,
261,30000749,Syringr. Disposable 50 ml,1030,MAT_BUY,EA,,,30,0,0,30,30,31/05/2029,ปช 30/4/28,4,0,4,
262,30000763,Thermometer (วัดไข้ทางปาก),1030,MAT_BUY,EA,,,0,0,0,0,0,,,0,0,0,
263,30000765,Three-way Stopclock (1x50),2030,MAT_BUY,EA,,,50,0,0,50,50,06/2027,ซ(20) 1/6/27,60,0,60,16.82
264,30000771,"Transparent Dressing, Tegaderm 6x7 cm",1030,MAT_BUY,EA,,,300,0,0,300,300,"9/12/27(100), 14/1/28(200)",ปช01/05/2027(100),200,200,400,
265,30000773,"Transparent Dressing, Tegaderm 15x20 cm",1030,MAT_BUY,EA,,,0,0,0,0,0,,,0,0,0,
266,30000773,"Transparent Dressing, Tegaderm 15x20 cm",2030,MAT_BUY,EA,,,0,0,0,0,0,,,0,0,0,
267,30000774,"Transparent Dressing, Tegaderm 4.4x4.4 cm",1030,MAT_BUY,EA,,,400,0,0,400,400,22/12/27(4),23/01/2027(200),0,200,200,
268,30000774,"Transparent Dressing, Tegaderm 4.4x4.4 cm",2030,MAT_BUY,EA,,,0,0,0,0,0,,,0,0,0,
269,30000775,Transpore (1x12),1030,MAT_BUY,ROL,,,24,0,12,12,12,27/1/30(12) ,"6/10/29(12),27/1/30(12) ",12,12,24,
270,30000902,Test strip แผ่นตรวจวัดระดับน้ำตาล,1030,MAT_BUY,BOX,,,0,0,0,0,0,,30/11/25,1,1,2,
271,30000905,Blue pad (แผ่นรองซับ) 45x70 cm,1030,MAT_BUY,PAC,,,6,0,0,6,6,,ซ,3,0,3,
272,30000907,ไม้กดลิ้น (100ชิ้น/กล่อง),1030,MAT_BUY,BOX,,,40,0,0,40,40,10/09/2029,"ซ 10/9/28,10//09/2029",12,0,12,
273,30000912,แว่นตาป้องกันเลือดและของเหลว ,1030,MAT_BUY,EA,,,7,0,0,7,7,,,0,0,0,
274,30000929,เสื้อพลาสติกกันเปื้อน 28x55 นิ้ว,1030,MAT_BUY,EA,,,0,0,0,0,0,,,0,0,0,
275,30000930,Cover head หมวกกระดาษ (1:50),1030,MAT_BUY,BAG,,,3,0,0,3,3,11/2/30,ซ,3,0,3,
276,30000934,Saliva Suction (หลอดดูดน้ำลาย)BOX=BAG,1030,MAT_BUY,BOX,,,0,0,0,0,0,,,0,0,0,
277,30000943,Silk Suture Ethilon3/0(W1621)ใช้30001874,2030,MAT_BUY,EA,,,0,0,0,0,0,30/9/29 รอเข้าระบบ,30/9/29,1,0,1,
278,30000957,Silk Suture Mersilk3/0 (W328H),1030,MAT_BUY,EA,,,0,0,0,0,0,,,0,0,0,
279,30000959,ไหมเย็บ Silk No.4/0(W.501),2030,MAT_BUY,EA,,,0,0,0,0,0,,,0,0,0,
280,30000988,ไหมเย็บแผล NO.3/0,1030,MAT_BUY,BOX,,,0,0,0,0,0,,,0,0,0,
281,30001023,แก้วยาน้ำ,1030,MAT_BUY,EA,,,0,0,0,0,0,,,0,0,0,
282,30001029,ซองบรรจุเวชภัณฑ์แบบไม่ขยายข้าง 10ซม,1030,MAT_BUY,ROL,,,0,0,0,0,0,15/04/2026,,1,0,1,
283,30001029,ซองบรรจุเวชภัณฑ์แบบไม่ขยายข้าง 10ซม,2030,MAT_BUY,ROL,,,0,0,0,0,0,,,0,0,0,
284,30001031,ซองบรรจุเวชภัณฑ์แบบไม่ขยายข้าง 5ซม,2030,MAT_BUY,ROL,,,0,0,0,0,0,,,3,0,3,
285,30001033,ซองบรรจุเวชภัณฑ์แบบไม่ขยายข้าง 7.5ซม.,1030,MAT_BUY,ROL,,,0,0,0,0,0,,,0,0,0,
286,30001075,STERILE STIP,1030,MAT_BUY,EA,,,0,0,0,0,0,,,0,0,0,
287,30001123,Needle Holder,2030,MAT_BUY,EA,,,4,0,0,4,4,,,0,0,0,
288,30001146,ซองบรรจุเวชภัณฑ์ไม่ขยายข้าง 30cmx200m,2030,MAT_BUY,ROL,,,0,0,0,0,0,,,5,0,5,
289,30001155,"Silk Suture Vicryl 4/0 (W9443),1:12",1030,MAT_BUY,BOX,,,0,0,0,0,0,06/2029,"1/6/28 ,1/6/2029",1,0,1,
290,30001162,ซองบรรจุเวชภัณฑ์ไม่ขยายข้าง 15cmx200m,1030,MAT_BUY,ROL,,,0,0,0,0,0,,,12,0,12,
291,30001165,"Artery forseps, curve",1030,MAT_BUY,EA,,,19,0,0,19,19,,,15,0,15,
292,30001168,Silk Surture Vicryl 3/0 (W9444),1030,MAT_BUY,BOX,,,0,0,0,0,0,,,0,0,0,
293,30001172,ซองบรรจุเวชภัณฑ์แบบขยายข้าง.30ซม.,1030,MAT_BUY,BOX,,,0,0,0,0,0,,27/11/2028,2,0,2,
294,30001173,"ซองบรรจุเวชภัณฑ์แบบไม่ขยายข้าง,30ซม.",1030,MAT_BUY,ROL,,,0,0,0,0,0,,,0,0,0,
295,30001196,"Silk suture vicryl 3/0 (VCP427H),1:36",1030,MAT_BUY,BOX,,,0,0,0,0,0,,,0,0,0,
296,30001205,Cotton Bud (1:12),1030,MAT_BUY,PAC,,,24,0,0,24,24,,,12,0,12,
297,30001206,"ซองบรรจุเวชภัณฑ์ซ้อนขอบขยายข้าง,10ซม",1030,MAT_BUY,ROL,,,0,0,0,0,0,,27/11/2028,4,0,4,
298,30001206,"ซองบรรจุเวชภัณฑ์ซ้อนขอบขยายข้าง,10ซม",2030,MAT_BUY,ROL,,,0,0,0,0,0,,,0,0,0,
299,30001208,"ซองบรรจุเวชภัณฑ์ซ้อนขอบ,25ซม.",1030,MAT_BUY,ROL,,,0,0,0,0,0,,,0,0,0,
300,30001209,ซองบรรจุเวชภัณฑ์แบบขยายข้าง 25cmx100m,1030,MAT_BUY,ROL,,,0,0,0,0,0,,27/11/2028,2,0,2,
301,30001211,"Tissue retractor, Minnesota",2030,MAT_BUY,EA,,,2,0,0,2,2,,,0,0,0,
302,30001247,Oxygen mask with bag,1030,MAT_BUY,EA,สค 68,60,0,0,0,0,0,14/8/29,14/8/29,10,20,30,
303,30001251,ชุดพ่นยา,1030,MAT_BUY,EA,,,30,0,20,10,10,3/30(10),17/12/2025(20),0,20,20,
304,30001255,I.V. fluid set,1030,MAT_BUY,EA,,,500,0,500,0,0,,"1/4/2028, 6/29(500)",70,500,570,18.69
305,30001256,"Needle I.V. catheter no.24Gx1"" (1:50)",1030,MAT_BUY,BOX,,,4,0,0,4,4,30/11/2028,"31/1/26(1), 30/11/28(2)",1,0,1,
306,30001292,Bactigras(ชื่อเดิม Sofa Tulle),1030,MAT_BUY,BOX,,,1,0,0,1,0,01/09/2027 รอเข้าระบบ1,1/11/25(4ชิ้น),2,0,2,
307,30001318,"Transparent Dressing, Tegaderm, 10x12cm",1030,MAT_BUY,EA,,,100,0,0,100,100,19/10/2026,,100,0,100,
308,30001367,Penrose drain,,MAT_BUY,BOX,,,0,0,0,0,0,,,0,0,0,
309,30001371,"Remival silicone tape 1""x5.5YD,3M (1:12)",1030,MAT_BUY,BOX,,,0,0,0,0,0,,,0,0,0,
310,30001372,"Durapore 1""x10YD (1:12)",2030,MAT_BUY,BOX,,,0,0,0,0,0,,,0,0,0,
311,30001377,ซองบรรจุเวชภัณฑ์แบบขยายข้าง 20cmx100m,1030,MAT_BUY,ROL,,,0,0,0,0,0,,,0,0,0,
312,30001378,"ซองบรรจุเวชภัณฑ์แบบไม่ขยายข้าง,20cmx100m",1030,MAT_BUY,ROL,,,0,0,0,0,0,,,0,0,0,
313,30001379,"joseph, nasal scissors, 14 cm. curved ",1030,MAT_BUY,EA,,,15,0,0,15,15,,,0,0,0,
314,30001384,Alcohol hand Gel (1:1000ml),1030,MAT_BUY,BT,,,4,0,0,4,4,21/2/2028,21/2/2028,6,0,6,
315,30001387,Walker อุปกรณ์ช่วยพยุงเดิน,1030,MAT_BUY,EA,,,0,0,0,0,0,,,2,0,2,
316,30001408,สำลี 0.35g ปลอดเชื้อ Gamma,1030,MAT_BUY,PAC,,,40,0,0,40,40,18/4/28,"ซ,ปช 9/11/27",20,0,20,
317,30001410,Alcohol Pad (1Box:200EA),1030,MAT_BUY,BOX,,,100,0,0,100,100,1/7/28(100),ปช 15/6/27 (50),40,0,40,
318,30001418,Top Gauze,1030,MAT_BUY,EA,,,100,0,0,100,100,06/04/2028,,40,0,40,
319,30001419,"Gauze Drain,Sterile 1"" x 3 yd.",1030,MAT_BUY,EA,,,0,0,0,0,0,,,0,0,0,
320,30001420,"Gauze Drain,Sterile 1/2"" x 3 yd.",1030,MAT_BUY,EA,,,0,0,0,0,0,,,0,0,0,
321,30001421,"Glove, Disposable Sterile XS - Powder",1030,MAT_BUY,PAA,,,0,0,0,0,0,,,0,0,0,
322,30001422,"Surplug Needle-Free,W/Extension,20cm",1030,MAT_BUY,BOX,,,8,0,0,8,8,9/6/28(8) แจ้งก่อนหมดอายุ 1.2 ปี, 29/04/2026(5),5,0,5,
323,30001423,"สำลีพันไม้ปลอดเชื้อ 6""sizeM(บรรจุ5ก้าน)",1030,MAT_BUY,PAC,,,100,0,0,100,100,31/10/27,31/10/27,450,0,450,
324,30001557,"Needle, Disposable 24Gx1.5"" (1 EA = 1 BOX) ",1030,MAT_BUY,EA,,,3,0,0,3,3,3/4/30(3),,0,0,0,
325,30001730,ชุดให้ความชื้นระบบปิดพร้อมหัวต่อ Aquapak,1030,MAT_BUY,SET,,,20,0,0,20,20,7/29,"27/2/27, 16/12/28",20,0,20,
326,30001826,Cuff BP Monitor,1030,MAT_BUY,EA,,,4,0,0,4,4,,,2,0,2,
327,30001833,"กระดาษห่อเครื่องมือ,60x60ซม.(1:100 PC)",1030,MAT_BUY,PAC,,,0,0,0,0,0,,,0,0,0,
328,30001834,กระดาษปิดหน้าอก 40x48ซม (1:25PC),2030,MAT_BUY,PAC,,,20,0,0,20,20,,,6,0,6,
329,30001837,ป้ายข้อมือสำหรับผู้ป่วย Admit,1030,MAT_BUY,EA,,,1300,0,0,1300,1300,,,200,0,200,
330,30001838,Leukostrip,,MAT_BUY,EA,มีค 68,2,0,1,1,0,0,01/11/2026 รอเข้า/ส่งเพิ่มอีก 1 กล่อง,1/11/26,0,1,1,
331,30001867,ภาชนะรองรับสารคัดหลั่ง ขนาด 1.5 ลิตร,1030,MAT_BUY,EA,,,100,0,100,0,0,,"30/10/2029, 31/12/29(100)",40,100,140,
332,30001870,Silk Suture Ethilon4/0 (EH7145H),1030,MAT_BUY,BOX,,,0,0,0,0,0,,,0,0,0,
333,30001871,Silk Suture Ethilon5/0(1865G),1030,MAT_BUY,BOX,,,0,0,0,0,0,,30/6/29,1,0,1,
334,30001874,Silk Suture Ethilon3/0 (1669H),1030,MAT_BUY,BOX,,,0,0,0,0,0,,,0,0,0,
335,30001875,Silk Suture Prolene4/0 (8669H),1030,MAT_BUY,BOX,,,0,0,0,0,0,,,0,0,0,
336,30001876,Silk Suture Mersilk2/0 (685G),1030,MAT_BUY,BOX,,,0,0,0,0,0,,,0,0,0,
337,30001885,ปลอกสวมหัวเครื่องวัดอุณหภูมิทางหู,1030,MAT_BUY,BOX,,,0,0,0,0,0,,,0,0,0,
338,30001914,SILK Suture Mersilk ขนาด 3/0(W502H),1030,MAT_BUY,BOX,,,0,0,0,0,0,,,0,0,0,
339,30001941,"Transpore white (1""x10YD)",1030,MAT_BUY,ROL,,,12,0,0,12,12,"25/2/27(2),9/9/27(1)",25/12/25(12),24,0,24,
340,30001981,แอลกอฮอล์เจล แบบขวดปั๊ม.500ml,2030,MAT_BUY,BT,,,10,0,0,10,10,09/08/2026,"ปช(16), ซ(2) 9/8/26  ",6,10,16,
341,30001982,เสื้อกาวน์ใช้แล้วทิ้ง สำหรับทันตแพทย์,1030,MAT_BUY,EA,,,0,0,0,0,0,,1/27 ปช,190,0,190,
342,30001983,เสื้อกาวน์ใช้แล้วทิ้ง สำหรัับผู้ช่วย,1030,MAT_BUY,EA,,,0,0,0,0,0,,,0,0,0,
343,30001984,เสื้อกาวน์ใช้แล้วทิ้ง ใส่ล้างเครื่องมือ,1030,MAT_BUY,EA,,,100,0,0,100,100,19/12/2029,19/12/2029,80,0,80,
344,30001999,หน้ากากอนามัยชนิดN95,2030,MAT_BUY,EA,,,100,0,0,100,100,01/2027,,50,0,50,
345,30002032,Sealing pouch 5 cm. x 11 cm.,1030,MAT_BUY,PAC,,,0,0,0,0,0,,31/10/2026,0,0,0,
346,30002034,Sealing pouch 5 cm. x 20 cm.,1030,MAT_BUY,PAC,,,0,0,0,0,0,,27/11/2027,0,0,0,
347,30002041,Sealing pouch 7.5 cm. x 27 cm.,1030,MAT_BUY,PAC,,,0,0,0,0,0,,11/08/2028,0,0,0,
348,30002044,Sealing pouch 10 cm. x 21 cm.,1030,MAT_BUY,PAC,,,2,0,0,2,2,9/5/29,26/10/2028,0,0,0,
349,30002049,Sealing pouch 15 cm. x 23 cm.,1030,MAT_BUY,PAC,,,2,0,0,2,2,18/12/28,11/08/2028,0,0,0,
350,30002052,Sealing pouch 15 cm. x 43 cm.,1030,MAT_BUY,PAC,,,0,0,0,0,0,,27/11/2027,0,0,0,
351,30002061,Sealing pouch 30 cm. x 30 cm.,1030,MAT_BUY,PAC,,,0,0,0,0,0,,11/08/2028,10,0,10,
352,30002073,Cold-Hot Pack (MINI),2030,MAT_BUY,EA,,,0,0,0,0,0,,คต,24,0,24,
353,30002078,ไหมเย็บแผล 3/0 พร้อมเข็มเบอร์ 16 (1:24),1030,MAT_BUY,BOX,,,0,0,0,0,0,,,0,0,0,
354,40000042,"Mouth Mirror,4,1:12",1030,MAT_BUY,BOX,,,2,0,0,2,2,,ซ,3,0,3,
355,40000042,"Mouth Mirror,4,1:12",2030,MAT_BUY,BOX,,,0,0,0,0,0,,,0,0,0,
356,40001405,"Elastic Band, Bear,1/4"",4.5oz",1030,MAT_BUY,EA,,,50,0,0,50,50,02/10/2026,ซ 02/10/2026,30,0,30,
357,40001410,"Elastic Band, Impara,3/16"",6oz",1030,MAT_BUY,EA,,,100,0,0,100,100,26/09/2026,ซ 08/02/2026,45,0,45,
358,40001471,Explorer,2030,MAT_BUY,EA,,,1,0,0,1,1,,,0,0,0,
359,40001477,Face Shield,1030,MAT_BUY,EA,,,2,0,0,2,2,,,2,0,2,
360,40001478,Face Shield (Refill),1030,MAT_BUY,EA,,,0,0,0,0,0,,,0,0,0,
361,40001558,"Forcep,150",2030,MAT_BUY,EA,,,2,0,0,2,2,,,0,0,0,
362,40001561,"Forcep,151",2030,MAT_BUY,EA,,,2,0,0,2,2,,,0,0,0,
363,40002182,Molt Curette,2030,MAT_BUY,EA,,,0,0,0,0,0,,,0,0,0,
364,40002184,"Molt Elevator, No.9",2030,MAT_BUY,EA,,,3,0,0,3,3,,,3,0,3,
365,40002256,Periosteal Retractor No.23,2030,MAT_BUY,EA,,,2,0,0,2,2,,,0,0,0,
366,40003864,Mouth Mirror With Handle,1030,MAT_BUY,SET,,,4,0,0,4,4,,,0,0,0,
367,40003970,"Cassette ใส่ Hand Instrument, ก.20.5xย.27.5",2030,MAT_BUY,SET,,,2,0,0,2,2,,,0,0,0,
368,50000295,"Autoclave Tape 3/4""",1030,211020,ROL,,,0,0,0,0,0,,ซ,15,0,15,
369,50000295,"Autoclave Tape 3/4""",1030,200407,ROL,,,0,0,0,0,0,,,0,0,0,
370,50002502,Eucalyptus Oil 450ml,1030,20150116,BT,,,0,0,0,0,0,,,0,0,0,
371,50002610,Chloroxylenol4.8%5l (Dettol),1030,,ML,,,0,0,0,0,0,5/26, 05/2026 เพิ่มแผน,4000,0,4000,
372,50003911,น้ำยาล้างเครื่องมือแพทย์ ,1030,MAT_BUY,GAL,,,2,0,0,2,2,31/3/28, 03/2026,2,0,2,
373,50003911,น้ำยาล้างเครื่องมือแพทย์  ,2030,MAT_BUY,GAL,,,0,0,0,0,0,,,0,0,0,
374,50003912,"น้ำยาแช่เครื่องมือแพทย์,1L(Umonium Insl)",1030,MAT_BUY,GAL,,,0,0,0,0,0,,,0,0,0,
375,50004102,Enzymatic Cleaner,1030,MAT_BUY,GAL,,,2,0,2,0,0,,1/4/27,1,0,1,
376,50004104,"Surgical scrub, 500ml",1030,MAT_BUY,BT,,,5,0,0,5,5,30/06/2028," 2/3/26(4), 26/03/2027,03/05/2029",3,0,3,
377,50004171,กระดาษเช็ดพื้นผิวน้ำยาฆ่าเชื้อ,1030,MAT_BUY,CAN,,,36,0,0,36,36,01/06/2026,01/05/2026,24,0,24,
378,50004171,กระดาษเช็ดพื้นผิวน้ำยาฆ่าเชื้อ,2030,MAT_BUY,CAN,,,0,0,0,0,0,,12/2/26 ซ,0,0,0,
379,50004198,Steam Chemical Integrator(StrerileGage),1030,MAT_BUY,PAC,,,1,0,0,1,1,29/01/2028,29/01/2028,1,0,1,
380,50004230,"สติ๊กเกอร์ระบุวันหมดอายุ,5x4.8cm(1:1000)",1030,200407,ROL,,,0,0,0,0,0,,,60,0,60,
381,,Foley catheter,,,,,,0,0,0,0,0,ขอ OR มาเปลี่ยนก่อนหมดอายุ 1 เดือน,"(16)3/28(2),(14)4/12/29(2)",0,2:2,4,
382,,Urine bag,,,,,,0,0,0,0,0,ขอ OR มาเปลี่ยนก่อนหมดอายุ 1 เดือน,19/6/29(5),0,5,5,
,,,,,,,,,,,,,,,,,,
,,,,,,,,,,,,,,,,,,
เพิ่มแผน Case Emergency เบิกใช้ในหน่วยงาน,,,,,,,,,,,,,,,,,,
1,20000695,Tranexamic acid50mg/ml*5ml (Transamin),1030,,Amp,,,,,,,,,,,,,
2,20000170,Cefazolin 1 g.(Fazolin),1030,,VIA,,,,,,,,,,,,,
3,20000486,Metoclopramide HCL10mg/2ml(Nausil),1030,,Amp,,,,,,,,,,,,,
4,20001654,Hydrogen peroxide mouthwash 1% 5L,1030,,GAL,,,,,,,,,,,,,
5,20002648,Paracetamol 1000mg/100ml inj.,1030,,VIA,,,,,,,,,,,,,
6,20000543,Losec 40mg ,1030,,Amp,,,,,,,,,,,,,
7,,Tramadol 50 mg,1030,,Amp,,,,,,,,,,,,,
,,,,,,,,,,,,,,,,,,
ยกเลิกแล้ว,,,,,,,,,,,,,,,,,,
1,10100803,ถ่านไฟฉายขนาด C ชนิด Alkaline,1030,MAT_BUY,EA,ยกเลิกเบิก,,0,0,0,0,0,,ยกเลิกเบิก,0,0,0,
2,10102715,ถ่าน Lithium รุ่น CR 2450 (3V),1030,MAT_BUY,EA,ยกเลิกเบิก,,0,0,0,0,0,,คต (ยกเลิกเบิก),1,0,1,
3,10200562,กาวสารพัดประโยชน์(กาวอเนกประสงค์),1030,MAT_BUY,EA,ยกเลิก ไม่ให้มีการเบิกแล้ว,,0,0,0,0,0,,คต (ยกเลิก ไม่ให้มีการเบิกแล้ว),1,0,1,
4,10800268,แบบฟอร์มใบส่งถ่ายภาพรังสี สีขาว(1:200),1030,MAT_BUY,PAC,ไม่ใช้แล้วเก่า,,0,0,0,0,0,,ไม่ใช้แล้วเก่า,0,0,0,
5,20000673,"Sterile water 1000ml, irrigation bott",1030,,BT,ไม่เบิกแล้ว,,0,0,0,0,0,,ไม่เบิกแล้ว เปลี่ยนไปใช้ aquapack,0,0,0,
6,30001868,Micro Suction Filter,1030,MAT_BUY,EA,ไม่ได้ใช้แล้ว,,0,0,0,0,0,,ไม่ได้ใช้แล้ว,0,0,0,
7,50003486,สติ๊กเกอร์ระบุวันหมดอายุ 3Y-Autoclave,2030,MAT_BUY,ROL,เปลี่ยนแบบใหม่แล้ว,,0,0,0,0,0,,,15,0,15,
,,,,,,,,,,,,,,,,,,
,,,,,,,,,,,,,,,,,,
,,,,,,,,,,,,,,,,,,
,,,,,,,,,,,,,,,,,,
ไม่ได้ใช้งาน,,,,,,,,,,,,,,,,,,
1,40000897,Code ringขาว,2030,MAT_BUY,BOX,,,0,0,0,0,0,,ไม่ได้ใช้งาน,1,0,1,
2,40000901,Code ringแดง,2030,MAT_BUY,BOX,,,0,0,0,0,0,,,1,0,1,
3,40000904,Code ringฟ้า,2030,MAT_BUY,BOX,,,0,0,0,0,0,,,1,0,1,
4,40000907,Code ringเหลือง,2030,MAT_BUY,BOX,,,0,0,0,0,0,,,1,0,1,
,,,,,,,,,,,,,,,,,,
,,,,,,,,,,,,,,,,,,
,หมายเหตุ,,,,,,,,,,,,,,,,,
,,ใกล้หมดอายุ ปี 2025,,,,,,,,,,,,,,,,
,,หมดอายุปี 2026,,,,,,,,,,,,,,,,
,,หมดอายุปี 2027,,,,,,,,,,,,,,,,
,,หมดอายุปี 2028,,,,,,,,,,,,,,,,
,,หมดอายุปี 2029,,,,,,,,,,,,,,,,
,,หมดอายุปี 2030,,,,,,,,,,,,,,,,